company_name,email,phone_number,address_id
Mack-Martin,mack-martin@yahoo.com,(969)497-2315,672
Bird Ltd,bird.ltd@gmail.com,(672)773-8413,387
"Gentry, Beck and York",gentry.beck.and.york@hotmail.com,(734)429-8111,1939
Warren-Lawrence,warren-lawrence@yahoo.com,(162)233-5655,1192
"Adkins, Montes and Rivera",adkins.montes.and.rivera@outlook.com,(218)447-3170,1088
Bowers Ltd,bowers.ltd@mail.com,(958)909-6551,1692
Turner-Williams,turner-williams@hotmail.com,(245)158-4766,891
"Nichols, Keller and Blackburn",nichols.keller.and.blackburn@gmail.com,(135)342-4450,49
"Brown, Foster and Nelson",brown.foster.and.nelson@outlook.com,(323)348-7848,761
Russell-Cooper,russell-cooper@outlook.com,(651)579-1475,228
"Rogers, Klein and Guzman",rogers.klein.and.guzman@hotmail.com,(987)113-1568,713
"Huber, Jones and Brown",huber.jones.and.brown@hotmail.com,(952)816-4452,66
Hubbard-Davis,hubbard-davis@hotmail.com,(174)746-8286,927
Rogers Group,rogers.group@mail.com,(369)701-3562,1829
Novak-Fisher,novak-fisher@hotmail.com,(384)399-1888,883
Reyes Inc,reyes.inc@yahoo.com,(760)169-4013,858
Hogan PLC,hogan.plc@mail.com,(923)805-1854,386
Flores-Green,flores-green@yahoo.com,(422)136-1260,1250
Ramirez-Thompson,ramirez-thompson@gmail.com,(131)974-2201,1587
Green Group,green.group@outlook.com,(778)649-6677,285
"Johnson, Cruz and Smith",johnson.cruz.and.smith@gmail.com,(418)834-5140,895
Guzman-Reed,guzman-reed@yahoo.com,(174)839-9424,1437
"Fuller, Jones and Wilson",fuller.jones.and.wilson@yahoo.com,(300)546-3668,1370
"Davis, Fuller and Cardenas",davis.fuller.and.cardenas@mail.com,(402)204-2531,1853
Alexander-Parsons,alexander-parsons@hotmail.com,(705)196-6383,1176
Martin Group,martin.group@mail.com,(768)514-5829,285
Macdonald Inc,macdonald.inc@hotmail.com,(748)154-8642,653
Haas-Hill,haas-hill@hotmail.com,(937)701-4127,1413
"Bruce, Scott and Merritt",bruce.scott.and.merritt@hotmail.com,(651)626-3401,994
Elliott-Perez,elliott-perez@gmail.com,(929)582-8314,1829
"Perry, Berry and Fernandez",perry.berry.and.fernandez@yahoo.com,(338)807-2235,486
Rowe Ltd,rowe.ltd@mail.com,(151)379-1124,1797
"Frank, Parker and Nunez",frank.parker.and.nunez@mail.com,(594)526-9738,392
Mcintyre LLC,mcintyre.llc@mail.com,(672)806-9820,1942
Jacobs-Anderson,jacobs-anderson@outlook.com,(975)771-7393,199
"Ryan, Smith and Wright",ryan.smith.and.wright@outlook.com,(876)474-1044,46
Chandler-Lara,chandler-lara@gmail.com,(128)126-8044,1560
Ford-Lowery,ford-lowery@hotmail.com,(194)282-9926,1312
"Ho, Reese and Davis",ho.reese.and.davis@mail.com,(479)671-7599,758
Foster-Lewis,foster-lewis@yahoo.com,(152)241-9251,1563
"Ortiz, Thornton and Rose",ortiz.thornton.and.rose@hotmail.com,(814)718-5448,1820
Richardson PLC,richardson.plc@mail.com,(151)443-9953,192
Rodriguez-Stanley,rodriguez-stanley@mail.com,(418)563-2097,1936
"Matthews, Johnson and Price",matthews.johnson.and.price@outlook.com,(761)821-7207,863
"Duffy, Estrada and Morgan",duffy.estrada.and.morgan@gmail.com,(464)252-1958,1
Williams and Sons,williams.and.sons@gmail.com,(951)515-5096,1896
Braun-Duncan,braun-duncan@gmail.com,(505)162-1949,1343
"Rivera, Sanchez and Holloway",rivera.sanchez.and.holloway@yahoo.com,(908)699-9406,1513
Myers Group,myers.group@hotmail.com,(935)146-5815,1873
"Jackson, Pierce and Sutton",jackson.pierce.and.sutton@outlook.com,(345)634-3957,527
